{
    "prob_spam": {
        "0": 0.006036217303822937,
        "1": 0.04426559356136821,
        "2": 0.012072434607645875,
        "3": 0.006036217303822937,
        "4": 0.002012072434607646,
        "5": 0.0925553319919517,
        "6": 0.018108651911468814,
        "7": 0.008048289738430584,
        "8": 0.05432595573440644,
        "9": 0.022132796780684104,
        "10": 0.028169014084507043
    },
    "prob_ham": {
        "0": 0.0018018018018018018,
        "1": 0.0018018018018018018,
        "2": 0.009009009009009009,
        "3": 0.0018018018018018018,
        "4": 0.0018018018018018018,
        "5": 0.0018018018018018018,
        "6": 0.0018018018018018018,
        "7": 0.0018018018018018018,
        "8": 0.0018018018018018018,
        "9": 0.0018018018018018018,
        "10": 0.0018018018018018018
    },
    "prior_spam": 0.4723282442748092,
    "prior_ham": 0.5276717557251909
}